﻿<?xml version="1.0" encoding="utf-8"?>
<contentitemdata.dancinggoat.productcategory>
  <ContentItemDataCommonDataID>
    <GUID>b18be87b-c5e2-4e21-890b-51bab792e034</GUID>
    <ObjectType>cms.contentitemcommondata</ObjectType>
    <Parent>
      <CodeName>Coffees-x30u88a2</CodeName>
      <GUID>653b32f3-6774-4ba6-a279-99781a8793d9</GUID>
      <ObjectType>cms.contentitem</ObjectType>
    </Parent>
  </ContentItemDataCommonDataID>
  <ContentItemDataGUID>7082caef-8767-463c-876b-337452d8abdf</ContentItemDataGUID>
  <ProductCategoryTag>
    <![CDATA[[{"Identifier":"cfe8a882-9424-4d03-81a6-a941fd559cde"}]]]>
  </ProductCategoryTag>
</contentitemdata.dancinggoat.productcategory>