﻿<?xml version="1.0" encoding="utf-8"?>
<contentitemdata.dancinggoat.productcategory>
  <ContentItemDataCommonDataID>
    <GUID>ac89d77f-e98f-487e-9d11-4b26bd2795a4</GUID>
    <ObjectType>cms.contentitemcommondata</ObjectType>
    <Parent>
      <CodeName>Accessories-3tv7ffsa</CodeName>
      <GUID>a2965617-215d-4aa4-882e-aee1dda14e61</GUID>
      <ObjectType>cms.contentitem</ObjectType>
    </Parent>
  </ContentItemDataCommonDataID>
  <ContentItemDataGUID>14282934-113f-46c3-9981-5ac2e9cb1e74</ContentItemDataGUID>
  <ProductCategoryTag>
    <![CDATA[[{"Identifier":"3c27e654-6c18-451f-863d-cfa093b49c49"}]]]>
  </ProductCategoryTag>
</contentitemdata.dancinggoat.productcategory>