﻿<?xml version="1.0" encoding="utf-8"?>
<contentitemdata.dancinggoat.productpage>
  <ContentItemDataCommonDataID>
    <GUID>03618f6a-2288-4e35-90d7-6ba554d48640</GUID>
    <ObjectType>cms.contentitemcommondata</ObjectType>
    <Parent>
      <CodeName>CleverDripper-5lfixjms</CodeName>
      <GUID>2a07e840-d5e6-40c0-a843-a562838b7ee2</GUID>
      <ObjectType>cms.contentitem</ObjectType>
    </Parent>
  </ContentItemDataCommonDataID>
  <ContentItemDataGUID>60117540-f303-4fac-a566-373034a40f6e</ContentItemDataGUID>
  <ProductPageProduct>
    <![CDATA[[{"Identifier":"51eaa072-8b80-4d9c-b99f-c3c49cb58f92"}]]]>
  </ProductPageProduct>
</contentitemdata.dancinggoat.productpage>