﻿<?xml version="1.0" encoding="utf-8"?>
<contentitemdata.dancinggoat.productcategory>
  <ContentItemDataCommonDataID>
    <GUID>0aafdb04-07d3-4d92-9fde-fa55c90ec52d</GUID>
    <ObjectType>cms.contentitemcommondata</ObjectType>
    <Parent>
      <CodeName>Grinders-1tqsds4b</CodeName>
      <GUID>f567fffb-5989-4d95-842f-8d4195c502ad</GUID>
      <ObjectType>cms.contentitem</ObjectType>
    </Parent>
  </ContentItemDataCommonDataID>
  <ContentItemDataGUID>b68fdde8-d3bd-49f0-824f-29e7e107f302</ContentItemDataGUID>
  <ProductType>DancingGoat.ProductGrinder</ProductType>
</contentitemdata.dancinggoat.productcategory>