﻿<?xml version="1.0" encoding="utf-8"?>
<contentitemdata.dancinggoat.productpage>
  <ContentItemDataCommonDataID>
    <GUID>283cfbe2-7e8b-4551-831f-9ef92128418b</GUID>
    <ObjectType>cms.contentitemcommondata</ObjectType>
    <Parent>
      <CodeName>BleachedPaperFiltersV60-01-yjfmvuqy</CodeName>
      <GUID>394d4f8e-8efe-4098-8541-73075b8d450b</GUID>
      <ObjectType>cms.contentitem</ObjectType>
    </Parent>
  </ContentItemDataCommonDataID>
  <ContentItemDataGUID>29d0ea06-9135-4c92-9a4b-10d9248f25ad</ContentItemDataGUID>
  <ProductPageProduct>
    <![CDATA[[{"Identifier":"766e13db-b18a-4265-a0a3-2fbc5fb44412"}]]]>
  </ProductPageProduct>
</contentitemdata.dancinggoat.productpage>