﻿<?xml version="1.0" encoding="utf-8"?>
<contentitemdata.dancinggoat.productpage>
  <ContentItemDataCommonDataID>
    <GUID>f37ade29-8889-4b2b-8364-523b5ed1db27</GUID>
    <ObjectType>cms.contentitemcommondata</ObjectType>
    <Parent>
      <CodeName>HarioVacuumPot-a8vshkas</CodeName>
      <GUID>12311b04-86a6-47c6-9574-32bcdfe796da</GUID>
      <ObjectType>cms.contentitem</ObjectType>
    </Parent>
  </ContentItemDataCommonDataID>
  <ContentItemDataGUID>48ecca59-f417-41ae-9500-684072c3f490</ContentItemDataGUID>
  <ProductPageProduct>
    <![CDATA[[{"Identifier":"e56a370a-f907-40a9-828d-c2443e745a1f"}]]]>
  </ProductPageProduct>
</contentitemdata.dancinggoat.productpage>