﻿<?xml version="1.0" encoding="utf-8"?>
<contentitemdata.dancinggoat.store>
  <ContentItemDataCommonDataID>
    <GUID>96ba3ec7-102d-4fc0-a7e1-7356521e1b58</GUID>
    <ObjectType>cms.contentitemcommondata</ObjectType>
    <Parent>
      <CodeName>Store-8gtyoz81</CodeName>
      <GUID>24c19915-6634-4111-bdad-3d353fec0586</GUID>
      <ObjectType>cms.contentitem</ObjectType>
    </Parent>
  </ContentItemDataCommonDataID>
  <ContentItemDataGUID>9cd40822-e160-4be7-b6df-ed1e22e96a25</ContentItemDataGUID>
</contentitemdata.dancinggoat.store>