﻿<?xml version="1.0" encoding="utf-8"?>
<contentitemdata.dancinggoat.productpage>
  <ContentItemDataCommonDataID>
    <GUID>28e1e382-e129-4c36-97c0-1d8d404fb5a8</GUID>
    <ObjectType>cms.contentitemcommondata</ObjectType>
    <Parent>
      <CodeName>MacapM2D-x020z0w0</CodeName>
      <GUID>1c35fca6-7fdd-4333-bfb5-b27c9da2c1bb</GUID>
      <ObjectType>cms.contentitem</ObjectType>
    </Parent>
  </ContentItemDataCommonDataID>
  <ContentItemDataGUID>03f6f564-516f-4233-809c-91854c3f561b</ContentItemDataGUID>
  <ProductPageProduct>
    <![CDATA[[{"Identifier":"beda260f-dd0c-4d4c-b8e2-ec93d48c9f07"}]]]>
  </ProductPageProduct>
</contentitemdata.dancinggoat.productpage>