﻿<?xml version="1.0" encoding="utf-8"?>
<contentitemdata.dancinggoat.productpage>
  <ContentItemDataCommonDataID>
    <GUID>5689be89-b7c6-4375-8968-f6ed4b5755a4</GUID>
    <ObjectType>cms.contentitemcommondata</ObjectType>
    <Parent>
      <CodeName>ColombiaCarlosImbachi-tlu1k2is</CodeName>
      <GUID>d6e4f73a-7bf5-48a7-a71d-c635fdee195d</GUID>
      <ObjectType>cms.contentitem</ObjectType>
    </Parent>
  </ContentItemDataCommonDataID>
  <ContentItemDataGUID>816a2e93-cd2c-4711-9ba2-db7f21806a00</ContentItemDataGUID>
  <ProductPageProduct>
    <![CDATA[[{"Identifier":"d58c0fea-a530-46b7-a552-0bea6960025e"}]]]>
  </ProductPageProduct>
</contentitemdata.dancinggoat.productpage>