﻿<?xml version="1.0" encoding="utf-8"?>
<contentitemdata.dancinggoat.productpage>
  <ContentItemDataCommonDataID>
    <GUID>ad278bc6-2e4d-42d4-951c-b78638ec55b3</GUID>
    <ObjectType>cms.contentitemcommondata</ObjectType>
    <Parent>
      <CodeName>AeroPressFilters-795o6rsc</CodeName>
      <GUID>cbd9b842-2104-465a-b116-f2f0f584fe8c</GUID>
      <ObjectType>cms.contentitem</ObjectType>
    </Parent>
  </ContentItemDataCommonDataID>
  <ContentItemDataGUID>d84dd6b6-e4ee-46cb-a290-b4796e03ca3e</ContentItemDataGUID>
  <ProductPageProduct>
    <![CDATA[[{"Identifier":"bde147c7-c543-465d-a817-ba5f96984185"}]]]>
  </ProductPageProduct>
</contentitemdata.dancinggoat.productpage>