﻿<?xml version="1.0" encoding="utf-8"?>
<contentitemdata.dancinggoat.articlepage>
  <ArticlePagePublishDate>2025-01-02 23:00:00Z</ArticlePagePublishDate>
  <ArticlePageSummary>
    <![CDATA[Robusta coffee, long overshadowed by Arabica, is being rediscovered for its bold flavor and resilience, with high-quality varieties now earning recognition among the world’s finest.]]>
  </ArticlePageSummary>
  <ArticlePageTeaser>
    <![CDATA[[{"Identifier":"7dd94187-f658-48cd-8a59-308e55b154f1"}]]]>
  </ArticlePageTeaser>
  <ArticlePageText>
    <![CDATA[<p>Robusta coffee, often considered the stalwart of the coffee world, thrives in the tropical climates of Vietnam, Uganda, and Indonesia. Its distinctive characteristics make it a favorite for espresso blends and instant coffee alike. But what is it about this bold coffee that sets it apart?</p><p>Robusta, or&nbsp;<em>Coffea canephora</em>, owes its name to its extraordinary resilience. Unlike its more delicate cousin, Arabica, Robusta is resistant to pests, diseases, and harsh growing conditions, making it the backbone of the coffee industry in many regions. Its origins trace back to the lowland forests of Central and Western Africa, where it was first cultivated for its robust nature—hence the name.</p><p>The earliest records of Robusta coffee cultivation date back to the 19th century when Belgian colonists began planting it in the Congo Basin. By the early 20th century, it had spread to Southeast Asia, where it flourished in Vietnam’s nutrient-rich soils. Today, Vietnam stands as the world’s largest producer of Robusta, with over 90% of its coffee production dedicated to this variety.</p><p>Robusta’s flavor profile is as bold as its history. Known for its earthy, nutty taste with hints of chocolate, it also boasts a notably higher caffeine content than Arabica—nearly twice as much. This makes it the perfect pick-me-up and a key component in traditional Italian espresso, providing that signature crema and depth of flavor.</p><p>However, Robusta has long been overshadowed by Arabica in the specialty coffee world. Its reputation as a “lower-grade” coffee stems from mass production practices that often prioritize quantity over quality. Yet, in recent years, a new wave of coffee enthusiasts and farmers have begun redefining Robusta’s potential. High-quality Robusta, grown with care and precision, reveals nuanced flavors of dark chocolate, brown sugar, and even dried fruit, challenging old perceptions.</p><p>One shining example of Robusta’s renaissance is the work being done in Uganda, where farmers are focusing on sustainable and artisanal cultivation methods. The result is a robust coffee with a full-bodied richness that rivals even the finest Arabicas.</p><p>Robusta coffee’s story is one of resilience and reinvention. As consumers become more adventurous and open to exploring new flavors, Robusta is finally earning its rightful place in the spotlight. Who knows? Perhaps one day, Robusta will stand shoulder to shoulder with Arabica, celebrated not just for its strength but for its complexity and charm.</p>]]>
  </ArticlePageText>
  <ArticleTitle>The Resilient Robusta: A Coffee with Character</ArticleTitle>
  <ContentItemDataCommonDataID>
    <GUID>bdc3219d-88d6-4d8b-b6ac-a18243794bb5</GUID>
    <ObjectType>cms.contentitemcommondata</ObjectType>
    <Parent>
      <CodeName>TheResilientRobusta_ACoffeeWithCharacter-ggt69k95</CodeName>
      <GUID>5d820bad-6499-41a5-ba81-a237e9304a73</GUID>
      <ObjectType>cms.contentitem</ObjectType>
    </Parent>
  </ContentItemDataCommonDataID>
  <ContentItemDataGUID>476ab1ee-923e-4ebe-b9f2-5d1fb800def9</ContentItemDataGUID>
</contentitemdata.dancinggoat.articlepage>